,Accelerometer,GasLeak,Pressure_1,Pressure_2,Temperature_1,Temperature_2
Accelerometer,0.9999999999999998,0.6181014195745459,0.5507828203910242,0.5684619519851227,0.632861678233582,0.6077780129185639
GasLeak,0.6181014195745459,1.0,0.557058165132414,0.6568894638475566,0.5921599397248108,0.58323649656087
Pressure_1,0.5507828203910242,0.557058165132414,1.0,0.5865138708715604,0.5927140982838079,0.564527721804871
Pressure_2,0.5684619519851227,0.6568894638475566,0.5865138708715604,1.0,0.6335560574563842,0.6039643216401264
Temperature_1,0.632861678233582,0.5921599397248108,0.5927140982838079,0.6335560574563842,1.0,0.6084430456115815
Temperature_2,0.6077780129185639,0.58323649656087,0.564527721804871,0.6039643216401264,0.6084430456115815,1.0
