,Accelerometer,GasLeak,Pressure_1,Pressure_2,Temperature_1,Temperature_2
Accelerometer,1.0,0.5722060527134815,0.5975051849813456,0.5647730046991991,0.5916679336160146,0.5911555863647113
GasLeak,0.5722060527134815,1.0,0.5649855261886259,0.5589976494386545,0.5560151988487845,0.5668125813864194
Pressure_1,0.5975051849813456,0.5649855261886259,1.0,0.5711374205043283,0.5725698312793278,0.5686882887843127
Pressure_2,0.5647730046991991,0.5589976494386545,0.5711374205043283,0.9999999999999998,0.5833373382001297,0.59252833074955
Temperature_1,0.5916679336160146,0.5560151988487845,0.5725698312793278,0.5833373382001297,1.0,0.5623779549842687
Temperature_2,0.5911555863647113,0.5668125813864194,0.5686882887843127,0.59252833074955,0.5623779549842687,0.9999999999999998
