sensor,mean,std,raw_std,min,max,n_samples
Accelerometer,0.04774079840678128,0.03296972291781429,0.03296972291781429,0.0,0.10000000149011612,2100000
GasLeak,500.8926857200579,336.7141852772667,336.7141852772667,0.0,1007.0,2100000
Pressure_1,1.6053938830875636,1.0576362172173577,1.0576362172173577,0.0,3.25,2100000
Pressure_2,1.5528114247208238,1.0753921335233978,1.0753921335233978,0.0,3.25,2100000
Temperature_1,52.22295679842505,36.354404703518384,36.354404703518384,0.0,110.0,2100000
Temperature_2,52.53002568397949,36.488684096460844,36.488684096460844,0.0,110.0,2100000
