run_dir,model_type,horizon,horizon_order,horizon_steps,input_len,input_seconds,test_loss_scaled,test_mae_scaled,test_mae_raw_mean,naive_mae_raw_mean,naive_mae_scaled,delta_vs_naive_raw,improvement_vs_naive_raw_percent,model_path,mae_Accelerometer,mae_GasLeak,mae_Pressure_1,mae_Pressure_2,mae_Temperature_1,mae_Temperature_2
/workspace/DeepLearning/tern/outputs/runs/runs_gru_3s,gru,3s,0,30,100,10.0,0.005623020697385073,0.053916942328214645,3.692497190502472,3.9790453998827022,0.059064344129013,-0.2865482093802303,7.2014310112842,/workspace/DeepLearning/tern/runs_gru_3s/best_gru_3s.keras,0.0017323499750345945,18.02278830566406,0.05868033323287964,0.0555841877579689,1.9325933414459229,2.083604624938965
/workspace/DeepLearning/tern/outputs/runs/runs_gru_30s,gru,30s,2,300,100,10.0,0.022807598114013672,0.10812127590179443,7.283082741461695,18.66600605718221,0.2782208859125723,-11.382923315720515,60.98210447832064,/workspace/DeepLearning/tern/runs_gru_30s/best_gru_30s.keras,0.0035625985771417616,35.566308856201175,0.1178662672996521,0.11485775928497315,3.967679446411133,3.9282215209960936
/workspace/DeepLearning/tern/outputs/runs/runs_gru_60s,gru,60s,3,600,100,10.0,0.03973986208438873,0.14355450868606567,9.627659591779237,35.96685088985023,0.5358163892436522,-26.339191298070993,73.23185279338387,/workspace/DeepLearning/tern/runs_gru_60s/best_gru_60s.keras,0.0045650594301521775,46.756369665527345,0.16076766719818114,0.148773987865448,5.294794023132324,5.400687147521973
/workspace/DeepLearning/tern/outputs/runs/runs_gru_120s,gru,120s,4,1200,100,10.0,0.07810664176940918,0.19549714028835297,13.014061084501321,70.05739227746103,1.039397866127721,-57.04333119295971,81.42371466959636,/workspace/DeepLearning/tern/runs_gru_120s/best_gru_120s.keras,0.006116631033271551,63.002413793945315,0.2236228819847107,0.2006997570514679,7.400610736083984,7.25090270690918
/workspace/DeepLearning/tern/outputs/runs/runs_gru_9s,gru,9s,999,90,100,10.0,0.010284843854606152,0.07203080505132675,4.865503940022985,6.863896274030732,0.1022045116451947,-1.9983923340077467,29.114547397351874,/workspace/DeepLearning/tern/outputs/runs/runs_gru_9s/best_gru_9s.keras,0.0023378068625926974,23.70206566772461,0.07898156583309174,0.07499952424764633,2.6283008476257326,2.7063382278442383
