,Accelerometer,GasLeak,Pressure_1,Pressure_2,Temperature_1,Temperature_2
Accelerometer,1.0,0.5486839837098155,0.6080541698734448,0.5559716187876,0.5872241533390131,0.5858100927034366
GasLeak,0.5486839837098155,1.0,0.5499729266113048,0.5368072424538863,0.5459520465755477,0.5661248300861835
Pressure_1,0.6080541698734448,0.5499729266113048,1.0,0.562098360740447,0.5738267185636796,0.575746050526919
Pressure_2,0.5559716187876,0.5368072424538863,0.562098360740447,1.0,0.5657395880873499,0.5889370712782162
Temperature_1,0.5872241533390131,0.5459520465755477,0.5738267185636796,0.5657395880873499,1.0,0.5558283962629681
Temperature_2,0.5858100927034366,0.5661248300861835,0.575746050526919,0.5889370712782162,0.5558283962629681,0.9999999999999998
