,Accelerometer,GasLeak,Pressure_1,Pressure_2,Temperature_1,Temperature_2
Accelerometer,1.0,0.6405081188526511,0.5992530300350616,0.6039157724280695,0.5769071028957942,0.599501140672168
GasLeak,0.6405081188526511,0.9999999999999999,0.6458880809177454,0.5692329666161989,0.5745232270426464,0.5535090624258936
Pressure_1,0.5992530300350616,0.6458880809177454,1.0,0.6025381454820907,0.5506928303319891,0.5426776217155627
Pressure_2,0.6039157724280695,0.5692329666161989,0.6025381454820907,1.0,0.622669689811398,0.5982473197070629
Temperature_1,0.5769071028957942,0.5745232270426464,0.5506928303319891,0.622669689811398,1.0,0.5525445869535657
Temperature_2,0.599501140672168,0.5535090624258936,0.5426776217155627,0.5982473197070629,0.5525445869535657,0.9999999999999998
