model,horizon_name,horizon_steps,epoch,loss,mae,rmse,val_loss,val_mae,val_rmse,learning_rate
dense,3s,30,1,0.26120200753211975,0.35153287649154663,0.5110792517662048,0.06621108204126358,0.20141854882240295,0.25731512904167175,0.0010000000474974513
dense,3s,30,2,0.04493009299039841,0.16450223326683044,0.21196718513965607,0.032600633800029755,0.140120267868042,0.18055646121501923,0.0010000000474974513
