,Accelerometer,GasLeak,Pressure_1,Pressure_2,Temperature_1,Temperature_2
Accelerometer,1.0,0.6013365369981007,0.564556959768253,0.6092106584000132,0.5586890414593036,0.6050537972699814
GasLeak,0.6013365369981007,1.0,0.6439901150625029,0.5982828887299452,0.600741156837753,0.5867725209479114
Pressure_1,0.564556959768253,0.6439901150625029,1.0,0.6015475993582448,0.5993128162148142,0.5534137860484637
Pressure_2,0.6092106584000132,0.5982828887299452,0.6015475993582448,1.0,0.582027927016595,0.6221354082733309
Temperature_1,0.5586890414593036,0.600741156837753,0.5993128162148142,0.582027927016595,1.0,0.5726539967782099
Temperature_2,0.6050537972699814,0.5867725209479114,0.5534137860484637,0.6221354082733309,0.5726539967782099,1.0
