,Accelerometer,GasLeak,Pressure_1,Pressure_2,Temperature_1,Temperature_2
Accelerometer,1.0,0.6013365369980997,0.5645569597682497,0.6092106584000133,0.5586890414593021,0.6050537972699817
GasLeak,0.6013365369980997,1.0,0.6439901150624991,0.5982828887299404,0.600741156837751,0.5867725209479089
Pressure_1,0.5645569597682497,0.6439901150624991,1.0,0.6015475993582465,0.5993128162148136,0.553413786048461
Pressure_2,0.6092106584000133,0.5982828887299404,0.6015475993582465,1.0,0.5820279270165991,0.6221354082733291
Temperature_1,0.5586890414593021,0.600741156837751,0.5993128162148136,0.5820279270165991,1.0,0.5726539967782113
Temperature_2,0.6050537972699817,0.5867725209479089,0.553413786048461,0.6221354082733291,0.5726539967782113,1.0
