horizon,cnn1d,gru,lstm
3s,4.3831098849095405,3.705089689877008,3.9286582469940186
